count,word
51,岡山
48,ー
40,熊本
35,日本
34,ユナイテッド
31,東京
30,鳥栖
29,香川
28,遊
26,京都
25,浦和
24,笑
20,広島
18,バイエルン
16,福岡
15,九州
15,大泉
14,乃木
14,磐田
13,妄
12,金沢
12,イングランド
11,マンチェスター
11,ガンバ
11,セレッソ
11,大分
11,広
11,乃木坂
10,清武
9,ユニ
9,矢島
9,横浜
9,本田
8,倉敷
8,ナビスコ
8,セブン
8,大迫
8,鹿島
8,神戸
8,ブラジル
8,逃
7,ファル
7,北九州
7,キング
7,槙野
7,千葉
7,カオ
7,韓国
7,みなみ
7,札幌
7,ドルトムント
7,斎藤
7,北海道
6,清水
6,湘南
6,博多
6,豊田
6,柿谷
6,カズ
6,聖子
6,吉田
6,大阪
6,タモリ
6,メンフィス
6,旭
6,長崎
6,山口
6,岡崎
6,宇佐美
6,長谷部
6,クラ
5,鹿児島
5,豊川
5,小野
5,岡
5,ドイツ
5,瀬戸大橋
5,勇
5,ドロ
5,クレア
5,スペイン
5,宮崎
5,李
5,川又
5,松田
5,成
5,鈴木
5,植田
5,高杉
5,フィンランド
4,野田
4,サンガ
4,伊藤
4,関西
4,鈴井
4,石原
4,武藤
4,利光
4,水沼
4,スマ
4,いく
4,原口
4,シュミット
4,ビートルズ
4,森
4,甲子園
4,なつ
4,長友
4,リー
4,ｗｗｗ
4,告
4,ロンドン
4,名古屋
4,ロ
4,豊
4,嶋田
4,阪神
4,山田
4,光吉
4,ローズ
4,呉
4,ロン
3,エディオンスタジアム
3,南野
3,ロアッソ
3,シリア
3,近藤
3,フジ
3,沖縄
3,ローソン
3,難波
3,新潟
3,中島
3,西京極
3,ホークス
3,オランダ
3,有吉
3,関東
3,枡田
3,充
3,浦和レッズ
3,小樽
3,忠
3,高橋
3,藤田
3,フジテレビ
3,青山
3,イギリス
3,柴崎
3,ガル
3,巨人
3,川崎
3,駒井
3,ウィンブルドン
3,鈴鹿
3,フランス
3,ノース
3,宏
3,生田
3,航
3,玲奈
3,久保
3,比嘉
3,星野
3,藤本
3,貞子
3,平繁
3,マリノス
3,岩波
3,ハル
3,イタリア
3,大宮
3,起
3,テレ
3,岡本
3,二階堂
3,Ｊリーグ
3,勉
3,ナポリ
3,スロベニア
3,田中
3,絵理奈
2,中田
2,環
2,ちの
2,良
2,タヒチ
2,玉乃
2,あおい
2,マック
2,神崎
2,よし
2,ローマ
2,拓也
2,明治大
2,ファミ
2,山瀬
2,栄
2,明
2,日テレ
2,ベイル
2,湯郷
2,瀬戸内海
2,大原
2,東大
2,又兵衛
2,金子
2,小倉
2,エン
2,かよ
2,菅野
2,太
2,政敏
2,和泉
2,町田
2,桃太郎
2,伊勢谷
2,ロジャース
2,大
2,カンナ
2,さとみ
2,バルセロナ
2,ナイジェリア
2,ふみ
2,河口湖
2,ｗｗｗｗ
2,浅野
2,土井
2,鹿児島大
2,関
2,押谷
2,浜田
2,藤村
2,慎也
2,大島
2,オリ
2,白石
2,三国志
2,室屋
2,王丸
2,マックス
2,タメ
2,阿蘇
2,羅
2,リーマン
2,横山
2,谷
2,緑川
2,蒼
2,仏
2,久坂
2,秋葉原
2,岸田
2,大久保
2,大学前
2,ダニエル
2,松井
2,晋作
2,佐藤
2,高木
2,阪
2,羽田
2,真司
2,澤
2,高畑
2,粕谷
2,ヨーロッパ
2,ルーニー
2,デル
2,来島
2,佳
2,温
2,マドリード
2,岡山大学
2,穂
2,田子
2,西川
2,ペルシー
2,柏
2,メキシコ
2,ジェフ
2,グランパス
2,森脇
2,岐阜
2,アスエコト
2,ソーサル
2,坂本
2,ステ
2,井原
2,マツコ
2,坂井
2,キャロル
2,マリン
2,藤井
2,堀米
2,はる
2,讃岐
2,生駒
2,櫻子
2,アン
2,大津
2,アリ
2,バレンシア
2,咲
2,高萩
2,太田
2,悠
2,橋本
2,照之
2,新城
2,今日子
2,小林
2,ジョー
2,片山
2,善晴
2,俊輔
2,マネ
2,岩渕
2,柏木
2,稲本
2,金
2,四国
2,ハイチ
2,赤嶺
2,小島
2,北朝鮮
2,力
2,ケン
2,松陰
2,内田
2,須田
2,武市
2,サントス
2,リバプール
2,井上
2,木谷
2,前田
2,テレビ朝日
2,日村
2,ファンハール
2,マルクス
2,みのり
2,ダイハツ
2,ワイ
2,愛媛
2,アメリカ
2,櫛引
2,ガンバ大阪
2,ふみの
2,佐賀
2,東京ドーム
2,竜司
2,希
2,遠藤
2,サカ
2,小手川
2,ガチ
1,たね
1,曽
1,サンフレッズ
1,シンデレラ
1,熊谷
1,小豆
1,玉木
1,ガーディアン
1,ヒロ
1,陽介
1,藤崎
1,ミュラー
1,ーー
1,コカコーラ
1,英国
1,丸亀
1,アダム
1,ラプラス
1,近江
1,スルーパス
1,延岡
1,のりこ
1,中村
1,新港
1,セスク
1,沢村
1,クリーリングオフ
1,武
1,光輝
1,志麻
1,ポジティブシンキング
1,亀の井
1,高松
1,たか
1,悟
1,岳人
1,秋元
1,加藤
1,フライングバルス
1,みつこ
1,メアリー
1,繁
1,夏
1,グレイシア
1,ジュン
1,サンタ
1,ロホ
1,前橋
1,周作
1,バレッタ
1,水口
1,イスコ
1,フォロワー
1,太朗
1,新宿
1,群馬
1,城西
1,大沢
1,ニセ
1,サンシャイン
1,豊橋
1,大辞林
1,北
1,朝日
1,イグアイン
1,岩田
1,川澄
1,金閣
1,森村
1,貴史
1,ケ
1,篠原
1,千真
1,ペル
1,原
1,堀
1,日立台
1,近見
1,大森南
1,大樹
1,設楽
1,三村
1,さやか
1,ファジアーノ
1,ジョンソン
1,戊辰戦争
1,プレ
1,ノートン
1,浅草
1,本山
1,和
1,西岡
1,木佐貫
1,佐々井
1,オーストラリア
1,チョイ
1,トリデンテ
1,兵庫
1,林
1,アルプス
1,赤崎
1,瑠璃子
1,楢崎
1,小泉
1,琉球
1,小町
1,羽豆岬
1,えい
1,ハイタテキ
1,上原
1,サンフレッチェ広島
1,煕
1,小豆島
1,山岸
1,ひろ
1,キース
1,玉野
1,河内
1,天皇杯
1,大前
1,日ハム
1,善成
1,カレン
1,勤
1,ディッセンバー
1,スピナ
1,りん
1,江
1,雪
1,アンドリュー
1,両国
1,デフォー
1,ネイマール
1,ルーニートップ
1,離
1,英二
1,真希
1,カバーニ
1,リア
1,林田
1,小笠原
1,香港
1,森本
1,ファッキンコールド
1,タン
1,タワー
1,福満
1,スウォンジー
1,廣田
1,サポラン
1,Д
1,みわ
1,山越
1,木崎
1,大瀬
1,西田
1,渡邉
1,みよ
1,木田
1,竜馬
1,奥田
1,マカオ
1,カメルーン
1,国学院久我山
1,真央
1,レイナ
1,貴
1,出
1,亜子
1,チェルシー
1,高良
1,イントゥザサン
1,エスパルス
1,かずみ
1,岩坂
1,半沢
1,健
1,宮
1,博美
1,深川
1,竜也
1,山陽
1,ぇえええ
1,元日
1,甲斐
1,満島
1,黒木
1,宮川
1,浦島
1,神
1,市村
1,宮本
1,熊
1,中谷
1,ソフトバンク
1,ロッキー
1,カプコン
1,シャルケ
1,正義
1,ココナッツサブレ
1,かずえ
1,ザップ
1,亜美
1,暢
1,ジョイマン
1,光南
1,エレーラーーーー
1,北熊本
1,ジョーンズ
1,イニエスターーー
1,赤丸
1,津山
1,康
1,彩佳
1,麻也
1,佑
1,佐
1,一美
1,タイ
1,仙台育英
1,ミハエル
1,光栄
1,玉田
1,ダニー
1,スタンブリ
1,ラスベガス
1,大介
1,レスター
1,ジェームズ
1,チチャーーー
1,チャン
1,荒
1,エンジェル
1,ミッキー
1,タマ
1,塚地
1,銭
1,ゃんんんんん
1,山崎
1,奈良
1,としこ
1,螢
1,マジレスゴメン
1,ホームズ
1,達弥
1,ション
1,柴田
1,塩谷
1,牛
1,サンダーバード
1,やすみ
1,雄太
1,アルテタ
1,国見
1,輔
1,ネルシーニョ
1,工藤
1,講談社
1,スパーズ
1,シン
1,エドウィン
1,村上
1,飛騨
1,芦田
1,真琴
1,東海大
1,和幸
1,木村
1,正臣
1,テリー
1,水前寺
1,慎太郎
1,倉科
1,西島
1,桜井
1,平成
1,城
1,いつよ
1,希子
1,由佳
1,アツ
1,ボルシア
1,疲
1,セン
1,福山
1,じゅんいち
1,鬼束
1,バレ
1,直樹
1,紳
1,信州
1,ペップ
1,エバートン
1,織田
1,エリクセン
1,ナポレオン
1,ＭＦ
1,ルーカス
1,タオ
1,ニューカッスル
1,キシ
1,東アジア
1,金本
1,カス
1,宮間
1,真島
1,熊一
1,ポケモンクイズ
1,日産
1,ナン
1,オフィシャルグッズ
1,スタ
1,翔
1,大生
1,遼
1,巨人軍
1,シンガポール
1,田代
1,みのる
1,池
1,レオン
1,ざい
1,指宿
1,あき
1,しん
1,昇
1,マリブパイン
1,永作
1,昂
1,朋
1,ハチ公
1,西武
1,濱田
1,松本
1,結城
1,野津田
1,ウルグアイ
1,隆
1,大阪城
1,信長
1,為田
1,神田
1,亜
1,カーガワジンジーー
1,スアレス
1,合志
1,豊島
1,重
1,ベビメタ
1,マヤ
1,松野
1,りこ
1,森山
1,クレバリー
1,川島
1,裕二
1,ウェールズ
1,トー
1,錦織
1,亀川
1,読売
1,昭和
1,ジョニ
1,大谷
1,亀井
1,ヵ
1,オースティン
1,團
1,狩野
1,ラジ
1,リ
1,ベニテス
1,ジュビロ
1,スイス
1,関空
1,ココロオドル
1,花巻
1,彩
1,プ
1,ひらい
1,圭
1,マージーサイド
1,諭吉
1,俊
1,池元
1,月亭
1,トイ
1,インテル
1,セレマ
1,エリク
1,壊
1,瀬戸内
1,友樹
1,恵太
1,トーキング
1,龍
1,ジュビロ磐田
1,大坪
1,アラバ
1,サク
1,パ
1,ワロタ
1,サンケイ
1,アプリコットロワイヤル
1,八女
1,官兵衛
1,関口
1,マイアミ
1,グーナー
1,サントリー
1,矢内
1,ぇじぇじぇ
1,桐谷
1,齊藤
1,憲
1,岩井
1,洋次郎
1,阿部
1,主税
1,産経新聞
1,キン
1,キモ
1,キレ
1,関根
1,ベッカム
1,村田
1,ピカ
1,ウッドワード
1,西野
1,デヘア
1,ゴー
1,もん
1,水輝
1,ベン
1,サンパウロ
1,ジェイ
1,金崎
1,フレッチャー
1,漱石
1,モン
1,源
1,梅田
1,ヒースロー
1,岩丸
1,ゆり
1,モイーズ
1,満
1,ネクス
1,菊地
1,東海大四
1,中澤
1,園田
1,ゲキ
1,コス
1,頼
1,英
1,あや
1,亮輔
1,仙台
1,ジェロムレバンナ
1,小川
1,オフサイド
1,剛
1,栞
1,寿人
1,ティム
1,伊
1,ホンダ
1,シャー
1,野々村
1,升野
1,オックスフォード
1,堂林
1,馬原
1,イチロー
1,篤郎
1,将
1,ガーナ
1,たき
1,木島
1,美鈴
1,菊池
1,今田
1,池谷
1,ビック
1,自民党
1,ポジティブ・エブリィ・タイム
1,サノ
1,ホリプロ
1,光
1,アインシュタイン
1,フェライニ
1,あきい
1,グラコログラコログラコログラコロ
1,ナゴヤドームテンソンアガル
1,エディー
1,多摩川
1,日立
1,サンド
1,安田
1,チャド
1,愛菜
1,チェッカーズ
1,明石家
1,城南
1,ぇじぇ
1,ジェラード
1,伊野波
1,板尾
1,ウィルソン
1,筑波
1,こん
1,かこ
1,ポルトガル
1,運動公園
1,森崎
1,染谷
1,あかね
1,フォーチュン
1,星稜
1,ぃ
1,東
1,ハラヘッタ
1,美作
1,中
1,モナコ
1,康平
1,洋
1,藤原
1,リヨン
1,清須
1,明石
1,涼太
1,佐々木
1,吉本
1,飛鳥
1,カゴメ
1,ウラ
1,ハリー
1,水谷
1,能登
1,ザ・ビートルズ
1,黒川
1,南米
1,米村
1,萌
1,大和田
1,いこい
1,マジラジ
1,浩
1,五郎丸
1,バットマン
1,浄行寺
1,栗原
1,諒
1,渡
1,アイルランド
1,アポロ
1,俊哉
1,森重
1,直
1,源義経
1,アンチェロッティ
1,敏行
1,花子
1,アジア
1,名波
1,太郎
1,後藤
1,ひかり
1,中林
1,山中
1,武田
1,尾崎
1,裕一
1,相模原
1,マタ
1,ちひろ
1,原川
1,美紀
1,ミラノ
1,清水寺
1,ハンド
1,小籠
1,ベルギー
1,ミラン
1,サンチェス
1,ミラー
1,徳井
1,ふじ
1,トーレスハット
1,優子
1,ょ
1,ニューヨーク
1,笑瓶
1,日奈子
1,みゆき
1,シーフィールド
1,愛知
1,渡部
1,大川
1,ヘブリカンエクスプレス
1,毎日
1,酒井
1,上海
1,板東
1,ベラルーシ
1,ジョージ
1,秋山
1,レノファ
1,アンダーソンタイムリー
1,リアル
1,善朗
1,三又
1,川本
1,甲府
1,夏目
1,鳥取
1,丸岡
1,浅草寺
1,渡辺
1,徳島
1,赤星
